"6","Александр","89757387627","rwrwt@mail.ru","90846378291"
"7","Василий","89758715627","jrhih@mail.ru","90876438291"
"21","Сергей","875469873456","cbfhdbvjfi@mail.ru","7658673495"
"31","Андрей","+79083748322","bjsbxd@mail.ru","6037823475"
"1","Максим","89757345627","mail.ner@mail.ru","1234567890"
"2","Иван","89756745627","maivegh@mail.ru","8738291053"
"10","Никита","89757345907","oiejwioji@mail.ru","7584926402"
"11","Сергей","89757345937","opojicjiooi@mail.ru","95730154617"
"14069ddb-df06-4042-8bd9-78f76ed8a57e","name","+78372839102","sss@mail.ru","7362782349"
"9","Ростислав","89751352627","iewdewdjew@mail.ru","2317859403"
